Date,ReportedDate,PeriodLabel,Year,MonthNumber,BankRatePct,BankRatePctPointChange1M,BankRatePctPointChange12M
1975-01-01,1975-01-31,1975-01,1975,1,0.11329499999999999,,
1975-02-01,1975-02-28,1975-02,1975,2,0.106875,-0.006419999999999995,
1975-03-01,1975-03-31,1975-03,1975,3,0.102632,-0.004242999999999997,
1975-04-01,1975-04-30,1975-04,1975,4,0.099091,-0.0035410000000000025,
1975-05-01,1975-05-31,1975-05,1975,5,0.099762,0.0006710000000000049,
1975-06-01,1975-06-30,1975-06,1975,6,0.1,0.0002380000000000021,
1975-07-01,1975-07-31,1975-07,1975,7,0.101739,0.0017389999999999906,
1975-08-01,1975-08-31,1975-08,1975,8,0.11,0.008261000000000004,
1975-09-01,1975-09-30,1975-09,1975,9,0.11,0.0,
1975-10-01,1975-10-31,1975-10,1975,10,0.118696,0.008695999999999995,
1975-11-01,1975-11-30,1975-11,1975,11,0.11875,5.3999999999998494e-05,
1975-12-01,1975-12-31,1975-12,1975,12,0.114643,-0.0041069999999999995,
1976-01-01,1976-01-31,1976-01,1976,1,0.108333,-0.006309999999999996,-0.004961999999999994
1976-02-01,1976-02-29,1976-02,1976,2,0.09625,-0.012082999999999997,-0.010624999999999996
1976-03-01,1976-03-31,1976-03,1976,3,0.090543,-0.005707000000000004,-0.012089000000000003
1976-04-01,1976-04-30,1976-04,1976,4,0.09375,0.0032070000000000015,-0.0053409999999999985
1976-05-01,1976-05-31,1976-05,1976,5,0.1075,0.013749999999999998,0.007737999999999995
1976-06-01,1976-06-30,1976-06,1976,6,0.115,0.007500000000000007,0.015
1976-07-01,1976-07-31,1976-07,1976,7,0.115,0.0,0.013261000000000009
1976-08-01,1976-08-31,1976-08,1976,8,0.115,0.0,0.0050000000000000044
1976-09-01,1976-09-30,1976-09,1976,9,0.12454499999999999,0.009544999999999984,0.014544999999999988
1976-10-01,1976-10-31,1976-10,1976,10,0.14619,0.021644999999999998,0.02749399999999999
1976-11-01,1976-11-30,1976-11,1976,11,0.149205,0.0030150000000000177,0.03045500000000001
1976-12-01,1976-12-31,1976-12,1976,12,0.14619,-0.0030150000000000177,0.03154699999999999
1977-01-01,1977-01-31,1977-01,1977,1,0.13775,-0.008439999999999975,0.029417000000000013
1977-02-01,1977-02-28,1977-02,1977,2,0.12025000000000001,-0.0175,0.024000000000000007
1977-03-01,1977-03-31,1977-03,1977,3,0.11065200000000001,-0.009597999999999995,0.020109000000000016
1977-04-01,1977-04-30,1977-04,1977,4,0.09118399999999999,-0.019468000000000027,-0.0025660000000000127
1977-05-01,1977-05-31,1977-05,1977,5,0.08119,-0.009993999999999989,-0.02631
1977-06-01,1977-06-30,1977-06,1977,6,0.08,-0.0011899999999999966,-0.035
1977-07-01,1977-07-31,1977-07,1977,7,0.08,0.0,-0.035
1977-08-01,1977-08-31,1977-08,1977,8,0.073409,-0.006591,-0.041591
1977-09-01,1977-09-30,1977-09,1977,9,0.064318,-0.009091000000000002,-0.06022699999999999
1977-10-01,1977-10-31,1977-10,1977,10,0.053571,-0.010747,-0.09261899999999998
1977-11-01,1977-11-30,1977-11,1977,11,0.052727,-0.0008439999999999975,-0.09647800000000001
1977-12-01,1977-12-31,1977-12,1977,12,0.07,0.017273000000000004,-0.07618999999999998
1978-01-01,1978-01-31,1978-01,1978,1,0.065952,-0.00404800000000001,-0.07179800000000001
1978-02-01,1978-02-28,1978-02,1978,2,0.065,-0.0009519999999999945,-0.05525000000000001
1978-03-01,1978-03-31,1978-03,1978,3,0.065,0.0,-0.04565200000000001
1978-04-01,1978-04-30,1978-04,1978,4,0.07150000000000001,0.006500000000000006,-0.01968399999999998
1978-05-01,1978-05-31,1978-05,1978,5,0.086548,0.015047999999999992,0.005358000000000002
1978-06-01,1978-06-30,1978-06,1978,6,0.09772700000000001,0.011179000000000008,0.017727000000000007
1978-07-01,1978-07-31,1978-07,1978,7,0.1,0.0022729999999999972,0.020000000000000004
1978-08-01,1978-08-31,1978-08,1978,8,0.1,0.0,0.026591000000000004
1978-09-01,1978-09-30,1978-09,1978,9,0.1,0.0,0.035682000000000005
1978-10-01,1978-10-31,1978-10,1978,10,0.1,0.0,0.046429000000000005
1978-11-01,1978-11-30,1978-11,1978,11,0.118182,0.01818199999999999,0.06545499999999999
1978-12-01,1978-12-31,1978-12,1978,12,0.125,0.006818000000000005,0.05499999999999999
1979-01-01,1979-01-31,1979-01,1979,1,0.125,0.0,0.059048
1979-02-01,1979-02-28,1979-02,1979,2,0.13625,0.01125000000000001,0.07125000000000001
1979-03-01,1979-03-31,1979-03,1979,3,0.13,-0.0062500000000000056,0.065
1979-04-01,1979-04-30,1979-04,1979,4,0.12157899999999999,-0.008421000000000012,0.050078999999999985
1979-05-01,1979-05-31,1979-05,1979,5,0.12,-0.001578999999999997,0.033451999999999996
1979-06-01,1979-06-30,1979-06,1979,6,0.132381,0.012381000000000003,0.03465399999999999
1979-07-01,1979-07-31,1979-07,1979,7,0.14,0.007619000000000015,0.04000000000000001
1979-08-01,1979-08-31,1979-08,1979,8,0.14,0.0,0.04000000000000001
1979-09-01,1979-09-30,1979-09,1979,9,0.14,0.0,0.04000000000000001
1979-10-01,1979-10-31,1979-10,1979,10,0.14,0.0,0.04000000000000001
1979-11-01,1979-11-30,1979-11,1979,11,0.156364,0.01636399999999999,0.03818200000000001
1979-12-01,1979-12-31,1979-12,1979,12,0.17,0.01363600000000001,0.04500000000000001
1980-01-01,1980-01-31,1980-01,1980,1,0.17,0.0,0.04500000000000001
1980-02-01,1980-02-29,1980-02,1980,2,0.17,0.0,0.03375
1980-03-01,1980-03-31,1980-03,1980,3,0.17,0.0,0.04000000000000001
1980-04-01,1980-04-30,1980-04,1980,4,0.17,0.0,0.04842100000000002
1980-05-01,1980-05-31,1980-05,1980,5,0.17,0.0,0.05000000000000002
1980-06-01,1980-06-30,1980-06,1980,6,0.17,0.0,0.037619000000000014
1980-07-01,1980-07-31,1980-07,1980,7,0.16086999999999999,-0.009130000000000027,0.020869999999999972
1980-08-01,1980-08-31,1980-08,1980,8,0.16,-0.0008699999999999819,0.01999999999999999
1980-09-01,1980-09-30,1980-09,1980,9,0.16,0.0,0.01999999999999999
1980-10-01,1980-10-31,1980-10,1980,10,0.16,0.0,0.01999999999999999
1980-11-01,1980-11-30,1980-11,1980,11,0.156,-0.0040000000000000036,-0.0003640000000000032
1980-12-01,1980-12-31,1980-12,1980,12,0.14,-0.015999999999999986,-0.03
1981-01-01,1981-01-31,1981-01,1981,1,0.14,0.0,-0.03
1981-02-01,1981-02-28,1981-02,1981,2,0.14,0.0,-0.03
1981-03-01,1981-03-31,1981-03,1981,3,0.126364,-0.01363600000000001,-0.04363600000000001
1981-04-01,1981-04-30,1981-04,1981,4,0.12,-0.0063640000000000085,-0.05000000000000002
1981-05-01,1981-05-31,1981-05,1981,5,0.12,0.0,-0.05000000000000002
1981-06-01,1981-06-30,1981-06,1981,6,0.12,0.0,-0.05000000000000002
1981-07-01,1981-07-31,1981-07,1981,7,0.12,0.0,-0.04086999999999999
1981-08-01,1981-08-31,1981-08,1981,8,0.121375,0.0013750000000000012,-0.03862500000000001
1981-09-01,1981-09-30,1981-09,1981,9,0.134034,0.01265899999999999,-0.025966000000000017
1981-10-01,1981-10-31,1981-10,1981,10,0.146989,0.012955000000000022,-0.013010999999999995
1981-11-01,1981-11-30,1981-11,1981,11,0.147292,0.0003029999999999977,-0.008707999999999994
1981-12-01,1981-12-31,1981-12,1981,12,0.144018,-0.003273999999999999,0.004017999999999994
1982-01-01,1982-01-31,1982-01,1982,1,0.141844,-0.0021740000000000093,0.0018439999999999845
1982-02-01,1982-02-28,1982-02,1982,2,0.138406,-0.0034379999999999966,-0.001594000000000012
1982-03-01,1982-03-31,1982-03,1982,3,0.133641,-0.0047649999999999915,0.007277000000000006
1982-04-01,1982-04-30,1982-04,1982,4,0.13175,-0.0018910000000000038,0.01175000000000001
1982-05-01,1982-05-31,1982-05,1982,5,0.13125,-0.0005000000000000004,0.01125000000000001
1982-06-01,1982-06-30,1982-06,1982,6,0.127386,-0.0038640000000000063,0.007386000000000004
1982-07-01,1982-07-31,1982-07,1982,7,0.122045,-0.0053409999999999985,0.002045000000000005
1982-08-01,1982-08-31,1982-08,1982,8,0.112857,-0.009188000000000002,-0.008517999999999998
1982-09-01,1982-09-30,1982-09,1982,9,0.105682,-0.007175000000000001,-0.02835199999999999
1982-10-01,1982-10-31,1982-10,1982,10,0.097917,-0.007764999999999994,-0.049072000000000005
1982-11-01,1982-11-30,1982-11,1982,11,0.09255699999999999,-0.0053600000000000175,-0.05473500000000002
1982-12-01,1982-12-31,1982-12,1982,12,0.1,0.007443000000000019,-0.044018
1983-01-01,1983-01-31,1983-01,1983,1,0.107,0.006999999999999992,-0.034844
1983-02-01,1983-02-28,1983-02,1983,2,0.11,0.0030000000000000027,-0.028406
1983-03-01,1983-03-31,1983-03,1983,3,0.10752700000000001,-0.002472999999999989,-0.026114
1983-04-01,1983-04-30,1983-04,1983,4,0.102336,-0.005191000000000015,-0.02941400000000001
1983-05-01,1983-05-31,1983-05,1983,5,0.100625,-0.0017109999999999903,-0.030625
1983-06-01,1983-06-30,1983-06,1983,6,0.09755699999999999,-0.003068000000000015,-0.02982900000000001
1983-07-01,1983-07-31,1983-07,1983,7,0.095625,-0.0019319999999999893,-0.02642
1983-08-01,1983-08-31,1983-08,1983,8,0.09556800000000001,-5.6999999999987616e-05,-0.017288999999999985
1983-09-01,1983-09-30,1983-09,1983,9,0.095625,5.6999999999987616e-05,-0.010056999999999996
1983-10-01,1983-10-31,1983-10,1983,10,0.090625,-0.0050000000000000044,-0.007292000000000007
1983-11-01,1983-11-30,1983-11,1983,11,0.090625,0.0,-0.0019319999999999893
1983-12-01,1983-12-31,1983-12,1983,12,0.090625,0.0,-0.009375000000000008
1984-01-01,1984-01-31,1984-01,1984,1,0.090625,0.0,-0.016375
1984-02-01,1984-02-29,1984-02,1984,2,0.090625,0.0,-0.019375000000000003
1984-03-01,1984-03-31,1984-03,1984,3,0.087102,-0.0035229999999999984,-0.020425000000000013
1984-04-01,1984-04-30,1984-04,1984,4,0.085625,-0.0014769999999999922,-0.01671099999999999
1984-05-01,1984-05-31,1984-05,1984,5,0.08919600000000001,0.0035710000000000047,-0.011428999999999995
1984-06-01,1984-06-30,1984-06,1984,6,0.09053599999999999,0.00133999999999998,-0.0070209999999999995
1984-07-01,1984-07-31,1984-07,1984,7,0.11159100000000001,0.021055000000000018,0.015966000000000008
1984-08-01,1984-08-31,1984-08,1984,8,0.110114,-0.001477000000000006,0.01454599999999999
1984-09-01,1984-09-30,1984-09,1984,9,0.105,-0.005114000000000007,0.009374999999999994
1984-10-01,1984-10-31,1984-10,1984,10,0.105,0.0,0.014374999999999999
1984-11-01,1984-11-30,1984-11,1984,11,0.098636,-0.006363999999999995,0.008011000000000004
1984-12-01,1984-12-31,1984-12,1984,12,0.095,-0.0036360000000000003,0.004375000000000004
1985-01-01,1985-01-31,1985-01,1985,1,0.11375,0.018750000000000003,0.023125000000000007
1985-02-01,1985-02-28,1985-02,1985,2,0.13875,0.02500000000000001,0.048125000000000015
1985-03-01,1985-03-31,1985-03,1985,3,0.13636900000000002,-0.0023809999999999942,0.04926700000000002
1985-04-01,1985-04-30,1985-04,1985,4,0.12675,-0.009619000000000016,0.041124999999999995
1985-05-01,1985-05-31,1985-05,1985,5,0.12375,-0.0030000000000000027,0.03455399999999999
1985-06-01,1985-06-30,1985-06,1985,6,0.12375,0.0,0.03321400000000001
1985-07-01,1985-07-31,1985-07,1985,7,0.11962,-0.004129999999999995,0.008028999999999994
1985-08-01,1985-08-31,1985-08,1985,8,0.11375,-0.00587,0.0036360000000000003
1985-09-01,1985-09-30,1985-09,1985,9,0.11375,0.0,0.008750000000000008
1985-10-01,1985-10-31,1985-10,1985,10,0.11375,0.0,0.008750000000000008
1985-11-01,1985-11-30,1985-11,1985,11,0.11375,0.0,0.015114000000000002
1985-12-01,1985-12-31,1985-12,1985,12,0.11375,0.0,0.018750000000000003
1986-01-01,1986-01-31,1986-01,1986,1,0.119659,0.005908999999999998,0.005908999999999998
1986-02-01,1986-02-28,1986-02,1986,2,0.12375,0.004090999999999997,-0.015000000000000013
1986-03-01,1986-03-31,1986-03,1986,3,0.120066,-0.003683999999999993,-0.016303000000000012
1986-04-01,1986-04-30,1986-04,1986,4,0.108523,-0.011543000000000012,-0.018227000000000007
1986-05-01,1986-05-31,1986-05,1986,5,0.1025,-0.006023000000000001,-0.021250000000000005
1986-06-01,1986-06-30,1986-06,1986,6,0.09875,-0.0037499999999999895,-0.024999999999999994
1986-07-01,1986-07-31,1986-07,1986,7,0.09875,0.0,-0.02087
1986-08-01,1986-08-31,1986-08,1986,8,0.09875,0.0,-0.015
1986-09-01,1986-09-30,1986-09,1986,9,0.09875,0.0,-0.015
1986-10-01,1986-10-31,1986-10,1986,10,0.10440200000000001,0.005652000000000004,-0.009347999999999995
1986-11-01,1986-11-30,1986-11,1986,11,0.10875,0.004347999999999991,-0.0050000000000000044
1986-12-01,1986-12-31,1986-12,1986,12,0.10875,0.0,-0.0050000000000000044
1987-01-01,1987-01-31,1987-01,1987,1,0.10875,0.0,-0.010909000000000002
1987-02-01,1987-02-28,1987-02,1987,2,0.10875,0.0,-0.015
1987-03-01,1987-03-31,1987-03,1987,3,0.102614,-0.0061360000000000026,-0.01745200000000001
1987-04-01,1987-04-30,1987-04,1987,4,0.098,-0.004613999999999993,-0.01052299999999999
1987-05-01,1987-05-31,1987-05,1987,5,0.089803,-0.00819700000000001,-0.012697
1987-06-01,1987-06-30,1987-06,1987,6,0.08875,-0.0010529999999999984,-0.010000000000000009
1987-07-01,1987-07-31,1987-07,1987,7,0.08875,0.0,-0.010000000000000009
1987-08-01,1987-08-31,1987-08,1987,8,0.09725,0.008500000000000008,-0.0015000000000000013
1987-09-01,1987-09-30,1987-09,1987,9,0.09875,0.0015000000000000013,0.0
1987-10-01,1987-10-31,1987-10,1987,10,0.097386,-0.001364000000000004,-0.007016000000000008
1987-11-01,1987-11-30,1987-11,1987,11,0.08922599999999999,-0.008160000000000014,-0.019524000000000014
1987-12-01,1987-12-31,1987-12,1987,12,0.084226,-0.0049999999999999906,-0.024524000000000004
1988-01-01,1988-01-31,1988-01,1988,1,0.08375,-0.0004759999999999903,-0.024999999999999994
1988-02-01,1988-02-29,1988-02,1988,2,0.08875,0.0049999999999999906,-0.020000000000000004
1988-03-01,1988-03-31,1988-03,1988,3,0.08635899999999999,-0.0023910000000000042,-0.016255000000000006
1988-04-01,1988-04-30,1988-04,1988,4,0.079539,-0.006819999999999993,-0.018461000000000005
1988-05-01,1988-05-31,1988-05,1988,5,0.07625,-0.0032890000000000003,-0.013552999999999996
1988-06-01,1988-06-30,1988-06,1988,6,0.082841,0.006591,-0.005908999999999998
1988-07-01,1988-07-31,1988-07,1988,7,0.098512,0.015671000000000004,0.009762000000000007
1988-08-01,1988-08-31,1988-08,1988,8,0.10943199999999999,0.010919999999999985,0.012181999999999985
1988-09-01,1988-09-30,1988-09,1988,9,0.11875,0.009318000000000007,0.01999999999999999
1988-10-01,1988-10-31,1988-10,1988,10,0.11875,0.0,0.021363999999999994
1988-11-01,1988-11-30,1988-11,1988,11,0.12056800000000001,0.001818000000000014,0.03134200000000002
1988-12-01,1988-12-31,1988-12,1988,12,0.12875,0.008181999999999995,0.04452400000000001
1989-01-01,1989-01-31,1989-01,1989,1,0.12875,0.0,0.045
1989-02-01,1989-02-28,1989-02,1989,2,0.12875,0.0,0.04000000000000001
1989-03-01,1989-03-31,1989-03,1989,3,0.12875,0.0,0.04239100000000001
1989-04-01,1989-04-30,1989-04,1989,4,0.12875,0.0,0.049211000000000005
1989-05-01,1989-05-31,1989-05,1989,5,0.130417,0.0016670000000000018,0.05416700000000001
1989-06-01,1989-06-30,1989-06,1989,6,0.1375,0.007083000000000006,0.05465900000000001
1989-07-01,1989-07-31,1989-07,1989,7,0.1375,0.0,0.03898800000000001
1989-08-01,1989-08-31,1989-08,1989,8,0.137543,4.299999999998749e-05,0.02811100000000001
1989-09-01,1989-09-30,1989-09,1989,9,0.137783,0.00023999999999999022,0.019032999999999994
1989-10-01,1989-10-31,1989-10,1989,10,0.146705,0.008922000000000013,0.027955000000000008
1989-11-01,1989-11-30,1989-11,1989,11,0.14875,0.0020449999999999913,0.028181999999999985
1989-12-01,1989-12-31,1989-12,1989,12,0.14875,0.0,0.01999999999999999
1990-01-01,1990-01-31,1990-01,1990,1,0.14875,0.0,0.01999999999999999
1990-02-01,1990-02-28,1990-02,1990,2,0.14875,0.0,0.01999999999999999
1990-03-01,1990-03-31,1990-03,1990,3,0.14875,0.0,0.01999999999999999
1990-04-01,1990-04-30,1990-04,1990,4,0.14875,0.0,0.01999999999999999
1990-05-01,1990-05-31,1990-05,1990,5,0.14875,0.0,0.018332999999999988
1990-06-01,1990-06-30,1990-06,1990,6,0.14875,0.0,0.011249999999999982
1990-07-01,1990-07-31,1990-07,1990,7,0.14875,0.0,0.011249999999999982
1990-08-01,1990-08-31,1990-08,1990,8,0.14875,0.0,0.011206999999999995
1990-09-01,1990-09-30,1990-09,1990,9,0.14875,0.0,0.010967000000000005
1990-10-01,1990-10-31,1990-10,1990,10,0.140924,-0.007826,-0.005781000000000008
1990-11-01,1990-11-30,1990-11,1990,11,0.13875,-0.0021739999999999815,-0.009999999999999981
1990-12-01,1990-12-31,1990-12,1990,12,0.13875,0.0,-0.009999999999999981
1991-01-01,1991-01-31,1991-01,1991,1,0.13875,0.0,-0.009999999999999981
1991-02-01,1991-02-28,1991-02,1991,2,0.13525,-0.003500000000000003,-0.013499999999999984
1991-03-01,1991-03-31,1991-03,1991,3,0.1275,-0.007750000000000007,-0.02124999999999999
1991-04-01,1991-04-30,1991-04,1991,4,0.120655,-0.006845000000000004,-0.028094999999999995
1991-05-01,1991-05-31,1991-05,1991,5,0.11756,-0.0030950000000000005,-0.031189999999999996
1991-06-01,1991-06-30,1991-06,1991,6,0.11375,-0.003809999999999994,-0.03499999999999999
1991-07-01,1991-07-31,1991-07,1991,7,0.110707,-0.003043000000000004,-0.038042999999999993
1991-08-01,1991-08-31,1991-08,1991,8,0.10875,-0.0019570000000000004,-0.039999999999999994
1991-09-01,1991-09-30,1991-09,1991,9,0.10422599999999999,-0.004524000000000014,-0.04452400000000001
1991-10-01,1991-10-31,1991-10,1991,10,0.10375,-0.0004759999999999903,-0.037174
1991-11-01,1991-11-30,1991-11,1991,11,0.10375,0.0,-0.03500000000000002
1991-12-01,1991-12-31,1991-12,1991,12,0.10375,0.0,-0.03500000000000002
1992-01-01,1992-01-31,1992-01,1992,1,0.10375,0.0,-0.03500000000000002
1992-02-01,1992-02-29,1992-02,1992,2,0.10375,0.0,-0.031500000000000014
1992-03-01,1992-03-31,1992-03,1992,3,0.10375,0.0,-0.023750000000000007
1992-04-01,1992-04-30,1992-04,1992,4,0.10375,0.0,-0.016905000000000003
1992-05-01,1992-05-31,1992-05,1992,5,0.099013,-0.004736999999999991,-0.018546999999999994
1992-06-01,1992-06-30,1992-06,1992,6,0.09875,-0.00026299999999999935,-0.015
1992-07-01,1992-07-31,1992-07,1992,7,0.09875,0.0,-0.011956999999999995
1992-08-01,1992-08-31,1992-08,1992,8,0.09875,0.0,-0.009999999999999995
1992-09-01,1992-09-30,1992-09,1992,9,0.09556800000000001,-0.0031819999999999904,-0.008657999999999971
1992-10-01,1992-10-31,1992-10,1992,10,0.08375,-0.011818000000000009,-0.01999999999999999
1992-11-01,1992-11-30,1992-11,1992,11,0.073036,-0.010714000000000001,-0.03071399999999999
1992-12-01,1992-12-31,1992-12,1992,12,0.06875,-0.004285999999999998,-0.03499999999999999
1993-01-01,1993-01-31,1993-01,1993,1,0.06675,-0.0020000000000000018,-0.03699999999999999
1993-02-01,1993-02-28,1993-02,1993,2,0.05875,-0.008000000000000007,-0.045
1993-03-01,1993-03-31,1993-03,1993,3,0.05875,0.0,-0.045
1993-04-01,1993-04-30,1993-04,1993,4,0.05875,0.0,-0.045
1993-05-01,1993-05-31,1993-05,1993,5,0.05875,0.0,-0.04026300000000001
1993-06-01,1993-06-30,1993-06,1993,6,0.05875,0.0,-0.04000000000000001
1993-07-01,1993-07-31,1993-07,1993,7,0.05875,0.0,-0.04000000000000001
1993-08-01,1993-08-31,1993-08,1993,8,0.05875,0.0,-0.04000000000000001
1993-09-01,1993-09-30,1993-09,1993,9,0.05875,0.0,-0.03681800000000002
1993-10-01,1993-10-31,1993-10,1993,10,0.05875,0.0,-0.02500000000000001
1993-11-01,1993-11-30,1993-11,1993,11,0.057386,-0.0013639999999999972,-0.015650000000000004
1993-12-01,1993-12-31,1993-12,1993,12,0.05375,-0.0036360000000000003,-0.015000000000000006
1994-01-01,1994-01-31,1994-01,1994,1,0.05375,0.0,-0.013000000000000005
1994-02-01,1994-02-28,1994-02,1994,2,0.051875,-0.0018750000000000017,-0.006874999999999999
1994-03-01,1994-03-31,1994-03,1994,3,0.05125,-0.0006250000000000006,-0.0075
1994-04-01,1994-04-30,1994-04,1994,4,0.05125,0.0,-0.0075
1994-05-01,1994-05-31,1994-05,1994,5,0.05125,0.0,-0.0075
1994-06-01,1994-06-30,1994-06,1994,6,0.05125,0.0,-0.0075
1994-07-01,1994-07-31,1994-07,1994,7,0.05125,0.0,-0.0075
1994-08-01,1994-08-31,1994-08,1994,8,0.05125,0.0,-0.0075
1994-09-01,1994-09-30,1994-09,1994,9,0.054659000000000006,0.0034090000000000092,-0.0040909999999999905
1994-10-01,1994-10-31,1994-10,1994,10,0.05625,0.0015909999999999952,-0.0024999999999999953
1994-11-01,1994-11-30,1994-11,1994,11,0.05625,0.0,-0.0011359999999999981
1994-12-01,1994-12-31,1994-12,1994,12,0.060250000000000005,0.0040000000000000036,0.006500000000000006
1995-01-01,1995-01-31,1995-01,1995,1,0.06125,0.000999999999999994,0.0075
1995-02-01,1995-02-28,1995-02,1995,2,0.066,0.004750000000000004,0.014125000000000006
1995-03-01,1995-03-31,1995-03,1995,3,0.06625,0.0002500000000000002,0.015000000000000006
1995-04-01,1995-04-30,1995-04,1995,4,0.06625,0.0,0.015000000000000006
1995-05-01,1995-05-31,1995-05,1995,5,0.06625,0.0,0.015000000000000006
1995-06-01,1995-06-30,1995-06,1995,6,0.06625,0.0,0.015000000000000006
1995-07-01,1995-07-31,1995-07,1995,7,0.06625,0.0,0.015000000000000006
1995-08-01,1995-08-31,1995-08,1995,8,0.06625,0.0,0.015000000000000006
1995-09-01,1995-09-30,1995-09,1995,9,0.06625,0.0,0.011590999999999997
1995-10-01,1995-10-31,1995-10,1995,10,0.06625,0.0,0.010000000000000002
1995-11-01,1995-11-30,1995-11,1995,11,0.06625,0.0,0.010000000000000002
1995-12-01,1995-12-31,1995-12,1995,12,0.064803,-0.0014470000000000038,0.0045529999999999946
1996-01-01,1996-01-31,1996-01,1996,1,0.062614,-0.0021889999999999965,0.001364000000000004
1996-02-01,1996-02-29,1996-02,1996,2,0.06125,-0.001364000000000004,-0.004750000000000004
1996-03-01,1996-03-31,1996-03,1996,3,0.059821,-0.0014289999999999997,-0.006429000000000004
1996-04-01,1996-04-30,1996-04,1996,4,0.059375,-0.00044600000000000195,-0.006875000000000006
1996-05-01,1996-05-31,1996-05,1996,5,0.059375,0.0,-0.006875000000000006
1996-06-01,1996-06-30,1996-06,1996,6,0.057249999999999995,-0.002125000000000002,-0.009000000000000008
1996-07-01,1996-07-31,1996-07,1996,7,0.056875,-0.0003749999999999934,-0.009375000000000001
1996-08-01,1996-08-31,1996-08,1996,8,0.056875,0.0,-0.009375000000000001
1996-09-01,1996-09-30,1996-09,1996,9,0.056875,0.0,-0.009375000000000001
1996-10-01,1996-10-31,1996-10,1996,10,0.057092000000000004,0.00021700000000000191,-0.009158
1996-11-01,1996-11-30,1996-11,1996,11,0.059375,0.0022829999999999934,-0.006875000000000006
1996-12-01,1996-12-31,1996-12,1996,12,0.059375,0.0,-0.005428000000000002
1997-01-01,1997-01-31,1997-01,1997,1,0.059375,0.0,-0.0032390000000000058
1997-02-01,1997-02-28,1997-02,1997,2,0.059375,0.0,-0.0018750000000000017
1997-03-01,1997-03-31,1997-03,1997,3,0.059375,0.0,-0.00044600000000000195
1997-04-01,1997-04-30,1997-04,1997,4,0.059375,0.0,0.0
1997-05-01,1997-05-31,1997-05,1997,5,0.062188,0.002813000000000003,0.002813000000000003
1997-06-01,1997-06-30,1997-06,1997,6,0.064524,0.002335999999999998,0.007274000000000003
1997-07-01,1997-07-31,1997-07,1997,7,0.06673899999999999,0.0022149999999999948,0.00986399999999999
1997-08-01,1997-08-31,1997-08,1997,8,0.0695,0.0027610000000000134,0.012625000000000004
1997-09-01,1997-09-30,1997-09,1997,9,0.07,0.0005000000000000004,0.013125000000000005
1997-10-01,1997-10-31,1997-10,1997,10,0.07,0.0,0.012908000000000003
1997-11-01,1997-11-30,1997-11,1997,11,0.07212500000000001,0.002125000000000002,0.012750000000000011
1997-12-01,1997-12-31,1997-12,1997,12,0.0725,0.00037499999999998646,0.013124999999999998
1998-01-01,1998-01-31,1998-01,1998,1,0.0725,0.0,0.013124999999999998
1998-02-01,1998-02-28,1998-02,1998,2,0.0725,0.0,0.013124999999999998
1998-03-01,1998-03-31,1998-03,1998,3,0.0725,0.0,0.013124999999999998
1998-04-01,1998-04-30,1998-04,1998,4,0.0725,0.0,0.013124999999999998
1998-05-01,1998-05-31,1998-05,1998,5,0.0725,0.0,0.010311999999999995
1998-06-01,1998-06-30,1998-06,1998,6,0.074659,0.002159000000000008,0.010135000000000005
1998-07-01,1998-07-31,1998-07,1998,7,0.075,0.0003409999999999941,0.008261000000000004
1998-08-01,1998-08-31,1998-08,1998,8,0.075,0.0,0.005499999999999991
1998-09-01,1998-09-30,1998-09,1998,9,0.075,0.0,0.0049999999999999906
1998-10-01,1998-10-31,1998-10,1998,10,0.073068,-0.0019320000000000032,0.0030679999999999874
1998-11-01,1998-11-30,1998-11,1998,11,0.068214,-0.004853999999999997,-0.003911000000000012
1998-12-01,1998-12-31,1998-12,1998,12,0.064167,-0.004046999999999995,-0.008332999999999993
1999-01-01,1999-01-31,1999-01,1999,1,0.060375,-0.0037920000000000037,-0.012124999999999997
1999-02-01,1999-02-28,1999-02,1999,2,0.05575,-0.004624999999999997,-0.016749999999999994
1999-03-01,1999-03-31,1999-03,1999,3,0.055,-0.0007500000000000007,-0.017499999999999995
1999-04-01,1999-04-30,1999-04,1999,4,0.052875,-0.002125000000000002,-0.019624999999999997
1999-05-01,1999-05-31,1999-05,1999,5,0.0525,-0.00037500000000000033,-0.019999999999999997
1999-06-01,1999-06-30,1999-06,1999,6,0.05079500000000001,-0.0017049999999999912,-0.023863999999999996
1999-07-01,1999-07-31,1999-07,1999,7,0.05,-0.000795000000000004,-0.024999999999999994
1999-08-01,1999-08-31,1999-08,1999,8,0.05,0.0,-0.024999999999999994
1999-09-01,1999-09-30,1999-09,1999,9,0.051932,0.0019319999999999962,-0.023067999999999998
1999-10-01,1999-10-31,1999-10,1999,10,0.0525,0.0005679999999999991,-0.020567999999999996
1999-11-01,1999-11-30,1999-11,1999,11,0.054659000000000006,0.002159000000000008,-0.01355499999999999
1999-12-01,1999-12-31,1999-12,1999,12,0.055,0.0003409999999999941,-0.009167000000000002
2000-01-01,2000-01-31,2000-01,2000,1,0.056624999999999995,0.0016249999999999945,-0.0037500000000000033
2000-02-01,2000-02-29,2000-02,2000,2,0.059167,0.0025420000000000026,0.0034169999999999964
2000-03-01,2000-03-31,2000-03,2000,3,0.06,0.0008330000000000004,0.0049999999999999975
2000-04-01,2000-04-30,2000-04,2000,4,0.06,0.0,0.007124999999999999
2000-05-01,2000-05-31,2000-05,2000,5,0.06,0.0,0.0075
2000-06-01,2000-06-30,2000-06,2000,6,0.06,0.0,0.009204999999999991
2000-07-01,2000-07-31,2000-07,2000,7,0.06,0.0,0.009999999999999995
2000-08-01,2000-08-31,2000-08,2000,8,0.06,0.0,0.009999999999999995
2000-09-01,2000-09-30,2000-09,2000,9,0.06,0.0,0.008067999999999999
2000-10-01,2000-10-31,2000-10,2000,10,0.06,0.0,0.0075
2000-11-01,2000-11-30,2000-11,2000,11,0.06,0.0,0.005340999999999992
2000-12-01,2000-12-31,2000-12,2000,12,0.06,0.0,0.0049999999999999975
2001-01-01,2001-01-31,2001-01,2001,1,0.06,0.0,0.003375000000000003
2001-02-01,2001-02-28,2001-02,2001,2,0.058125,-0.0018749999999999947,-0.0010419999999999943
2001-03-01,2001-03-31,2001-03,2001,3,0.0575,-0.0006250000000000006,-0.0024999999999999953
2001-04-01,2001-04-30,2001-04,2001,4,0.055395,-0.0021050000000000027,-0.004604999999999998
2001-05-01,2001-05-31,2001-05,2001,5,0.053214,-0.0021810000000000024,-0.006786
2001-06-01,2001-06-30,2001-06,2001,6,0.0525,-0.0007139999999999994,-0.0075
2001-07-01,2001-07-31,2001-07,2001,7,0.0525,0.0,-0.0075
2001-08-01,2001-08-31,2001-08,2001,8,0.050114,-0.0023859999999999992,-0.009885999999999999
2001-09-01,2001-09-30,2001-09,2001,9,0.048875,-0.001238999999999997,-0.011124999999999996
2001-10-01,2001-10-31,2001-10,2001,10,0.045326000000000005,-0.0035489999999999966,-0.014673999999999993
2001-11-01,2001-11-30,2001-11,2001,11,0.041136,-0.004190000000000006,-0.018864
2001-12-01,2001-12-31,2001-12,2001,12,0.04,-0.0011359999999999981,-0.019999999999999997
2002-01-01,2002-01-31,2002-01,2002,1,0.04,0.0,-0.019999999999999997
2002-02-01,2002-02-28,2002-02,2002,2,0.04,0.0,-0.018125000000000002
2002-03-01,2002-03-31,2002-03,2002,3,0.04,0.0,-0.0175
2002-04-01,2002-04-30,2002-04,2002,4,0.04,0.0,-0.015394999999999999
2002-05-01,2002-05-31,2002-05,2002,5,0.04,0.0,-0.013213999999999997
2002-06-01,2002-06-30,2002-06,2002,6,0.04,0.0,-0.012499999999999997
2002-07-01,2002-07-31,2002-07,2002,7,0.04,0.0,-0.012499999999999997
2002-08-01,2002-08-31,2002-08,2002,8,0.04,0.0,-0.010113999999999998
2002-09-01,2002-09-30,2002-09,2002,9,0.04,0.0,-0.008875000000000001
2002-10-01,2002-10-31,2002-10,2002,10,0.04,0.0,-0.005326000000000004
2002-11-01,2002-11-30,2002-11,2002,11,0.04,0.0,-0.0011359999999999981
2002-12-01,2002-12-31,2002-12,2002,12,0.04,0.0,0.0
2003-01-01,2003-01-31,2003-01,2003,1,0.04,0.0,0.0
2003-02-01,2003-02-28,2003-02,2003,2,0.037875,-0.002125000000000002,-0.002125000000000002
2003-03-01,2003-03-31,2003-03,2003,3,0.0375,-0.00037500000000000033,-0.0025000000000000022
2003-04-01,2003-04-30,2003-04,2003,4,0.0375,0.0,-0.0025000000000000022
2003-05-01,2003-05-31,2003-05,2003,5,0.0375,0.0,-0.0025000000000000022
2003-06-01,2003-06-30,2003-06,2003,6,0.0375,0.0,-0.0025000000000000022
2003-07-01,2003-07-31,2003-07,2003,7,0.035761,-0.0017389999999999975,-0.004239
2003-08-01,2003-08-31,2003-08,2003,8,0.035,-0.0007609999999999978,-0.0049999999999999975
2003-09-01,2003-09-30,2003-09,2003,9,0.035,0.0,-0.0049999999999999975
2003-10-01,2003-10-31,2003-10,2003,10,0.035,0.0,-0.0049999999999999975
2003-11-01,2003-11-30,2003-11,2003,11,0.037125,0.002124999999999995,-0.0028750000000000026
2003-12-01,2003-12-31,2003-12,2003,12,0.0375,0.00037500000000000033,-0.0025000000000000022
2004-01-01,2004-01-31,2004-01,2004,1,0.0375,0.0,-0.0025000000000000022
2004-02-01,2004-02-29,2004-02,2004,2,0.039625,0.002125000000000002,0.0017500000000000016
2004-03-01,2004-03-31,2004-03,2004,3,0.04,0.00037500000000000033,0.0025000000000000022
2004-04-01,2004-04-30,2004-04,2004,4,0.04,0.0,0.0025000000000000022
2004-05-01,2004-05-31,2004-05,2004,5,0.042237,0.002236999999999996,0.004736999999999998
2004-06-01,2004-06-30,2004-06,2004,6,0.044204999999999994,0.0019679999999999975,0.006704999999999996
2004-07-01,2004-07-31,2004-07,2004,7,0.045,0.000795000000000004,0.009238999999999997
2004-08-01,2004-08-31,2004-08,2004,8,0.047143,0.002142999999999999,0.012142999999999994
2004-09-01,2004-09-30,2004-09,2004,9,0.0475,0.00035700000000000315,0.012499999999999997
2004-10-01,2004-10-31,2004-10,2004,10,0.0475,0.0,0.012499999999999997
2004-11-01,2004-11-30,2004-11,2004,11,0.0475,0.0,0.010375000000000002
2004-12-01,2004-12-31,2004-12,2004,12,0.0475,0.0,0.010000000000000002
2005-01-01,2005-01-31,2005-01,2005,1,0.0475,0.0,0.010000000000000002
2005-02-01,2005-02-28,2005-02,2005,2,0.0475,0.0,0.007875
2005-03-01,2005-03-31,2005-03,2005,3,0.0475,0.0,0.0075
2005-04-01,2005-04-30,2005-04,2005,4,0.0475,0.0,0.0075
2005-05-01,2005-05-31,2005-05,2005,5,0.0475,0.0,0.005263000000000004
2005-06-01,2005-06-30,2005-06,2005,6,0.0475,0.0,0.0032950000000000063
2005-07-01,2005-07-31,2005-07,2005,7,0.0475,0.0,0.0025000000000000022
2005-08-01,2005-08-31,2005-08,2005,8,0.04534099999999999,-0.002159000000000008,-0.001802000000000005
2005-09-01,2005-09-30,2005-09,2005,9,0.045,-0.0003409999999999941,-0.0025000000000000022
2005-10-01,2005-10-31,2005-10,2005,10,0.045,0.0,-0.0025000000000000022
2005-11-01,2005-11-30,2005-11,2005,11,0.045,0.0,-0.0025000000000000022
2005-12-01,2005-12-31,2005-12,2005,12,0.045,0.0,-0.0025000000000000022
2006-01-01,2006-01-31,2006-01,2006,1,0.045,0.0,-0.0025000000000000022
2006-02-01,2006-02-28,2006-02,2006,2,0.045,0.0,-0.0025000000000000022
2006-03-01,2006-03-31,2006-03,2006,3,0.045,0.0,-0.0025000000000000022
2006-04-01,2006-04-30,2006-04,2006,4,0.045,0.0,-0.0025000000000000022
2006-05-01,2006-05-31,2006-05,2006,5,0.045,0.0,-0.0025000000000000022
2006-06-01,2006-06-30,2006-06,2006,6,0.045,0.0,-0.0025000000000000022
2006-07-01,2006-07-31,2006-07,2006,7,0.045,0.0,-0.0025000000000000022
2006-08-01,2006-08-31,2006-08,2006,8,0.047272999999999996,0.0022729999999999972,0.0019320000000000032
2006-09-01,2006-09-30,2006-09,2006,9,0.0475,0.00022700000000000498,0.0025000000000000022
2006-10-01,2006-10-31,2006-10,2006,10,0.0475,0.0,0.0025000000000000022
2006-11-01,2006-11-30,2006-11,2006,11,0.049318,0.0018180000000000002,0.004318000000000002
2006-12-01,2006-12-31,2006-12,2006,12,0.05,0.000682000000000002,0.0050000000000000044
2007-01-01,2007-01-31,2007-01,2007,1,0.051704999999999994,0.0017049999999999912,0.006704999999999996
2007-02-01,2007-02-28,2007-02,2007,2,0.0525,0.000795000000000004,0.0075
2007-03-01,2007-03-31,2007-03,2007,3,0.0525,0.0,0.0075
2007-04-01,2007-04-30,2007-04,2007,4,0.0525,0.0,0.0075
2007-05-01,2007-05-31,2007-05,2007,5,0.054286,0.0017860000000000029,0.009286000000000003
2007-06-01,2007-06-30,2007-06,2007,6,0.055,0.0007139999999999994,0.010000000000000002
2007-07-01,2007-07-31,2007-07,2007,7,0.057159,0.002159000000000001,0.012159000000000003
2007-08-01,2007-08-31,2007-08,2007,8,0.0575,0.000341000000000001,0.010227000000000007
2007-09-01,2007-09-30,2007-09,2007,9,0.0575,0.0,0.010000000000000002
2007-10-01,2007-10-31,2007-10,2007,10,0.0575,0.0,0.010000000000000002
2007-11-01,2007-11-30,2007-11,2007,11,0.0575,0.0,0.008182000000000002
2007-12-01,2007-12-31,2007-12,2007,12,0.055395,-0.0021050000000000027,0.005394999999999997
2008-01-01,2008-01-31,2008-01,2008,1,0.055,-0.0003949999999999995,0.0032950000000000063
2008-02-01,2008-02-29,2008-02,2008,2,0.052976,-0.002023999999999998,0.0004760000000000042
2008-03-01,2008-03-31,2008-03,2008,3,0.0525,-0.0004760000000000042,0.0
2008-04-01,2008-04-30,2008-04,2008,4,0.05079500000000001,-0.0017049999999999912,-0.0017049999999999912
2008-05-01,2008-05-31,2008-05,2008,5,0.05,-0.000795000000000004,-0.004285999999999998
2008-06-01,2008-06-30,2008-06,2008,6,0.05,0.0,-0.0049999999999999975
2008-07-01,2008-07-31,2008-07,2008,7,0.05,0.0,-0.007158999999999999
2008-08-01,2008-08-31,2008-08,2008,8,0.05,0.0,-0.0075
2008-09-01,2008-09-30,2008-09,2008,9,0.05,0.0,-0.0075
2008-10-01,2008-10-31,2008-10,2008,10,0.046086999999999996,-0.003913000000000007,-0.011413000000000006
2008-11-01,2008-11-30,2008-11,2008,11,0.03225,-0.013836999999999995,-0.02525
2008-12-01,2008-12-31,2008-12,2008,12,0.021429,-0.010821,-0.033965999999999996
2009-01-01,2009-01-31,2009-01,2009,1,0.015952,-0.005476999999999999,-0.039048
2009-02-01,2009-02-28,2009-02,2009,2,0.01075,-0.005202000000000002,-0.042226
2009-03-01,2009-03-31,2009-03,2009,3,0.005682,-0.005067999999999999,-0.046818
2009-04-01,2009-04-30,2009-04,2009,4,0.005,-0.0006820000000000003,-0.04579500000000001
2009-05-01,2009-05-31,2009-05,2009,5,0.005,0.0,-0.045000000000000005
2009-06-01,2009-06-30,2009-06,2009,6,0.005,0.0,-0.045000000000000005
2009-07-01,2009-07-31,2009-07,2009,7,0.005,0.0,-0.045000000000000005
2009-08-01,2009-08-31,2009-08,2009,8,0.005,0.0,-0.045000000000000005
2009-09-01,2009-09-30,2009-09,2009,9,0.005,0.0,-0.045000000000000005
2009-10-01,2009-10-31,2009-10,2009,10,0.005,0.0,-0.041087
2009-11-01,2009-11-30,2009-11,2009,11,0.005,0.0,-0.02725
2009-12-01,2009-12-31,2009-12,2009,12,0.005,0.0,-0.016429
2010-01-01,2010-01-31,2010-01,2010,1,0.005,0.0,-0.010952
2010-02-01,2010-02-28,2010-02,2010,2,0.005,0.0,-0.005749999999999999
2010-03-01,2010-03-31,2010-03,2010,3,0.005,0.0,-0.0006820000000000003
2010-04-01,2010-04-30,2010-04,2010,4,0.005,0.0,0.0
2010-05-01,2010-05-31,2010-05,2010,5,0.005,0.0,0.0
2010-06-01,2010-06-30,2010-06,2010,6,0.005,0.0,0.0
2010-07-01,2010-07-31,2010-07,2010,7,0.005,0.0,0.0
2010-08-01,2010-08-31,2010-08,2010,8,0.005,0.0,0.0
2010-09-01,2010-09-30,2010-09,2010,9,0.005,0.0,0.0
2010-10-01,2010-10-31,2010-10,2010,10,0.005,0.0,0.0
2010-11-01,2010-11-30,2010-11,2010,11,0.005,0.0,0.0
2010-12-01,2010-12-31,2010-12,2010,12,0.005,0.0,0.0
2011-01-01,2011-01-31,2011-01,2011,1,0.005,0.0,0.0
2011-02-01,2011-02-28,2011-02,2011,2,0.005,0.0,0.0
2011-03-01,2011-03-31,2011-03,2011,3,0.005,0.0,0.0
2011-04-01,2011-04-30,2011-04,2011,4,0.005,0.0,0.0
2011-05-01,2011-05-31,2011-05,2011,5,0.005,0.0,0.0
2011-06-01,2011-06-30,2011-06,2011,6,0.005,0.0,0.0
2011-07-01,2011-07-31,2011-07,2011,7,0.005,0.0,0.0
2011-08-01,2011-08-31,2011-08,2011,8,0.005,0.0,0.0
2011-09-01,2011-09-30,2011-09,2011,9,0.005,0.0,0.0
2011-10-01,2011-10-31,2011-10,2011,10,0.005,0.0,0.0
2011-11-01,2011-11-30,2011-11,2011,11,0.005,0.0,0.0
2011-12-01,2011-12-31,2011-12,2011,12,0.005,0.0,0.0
2012-01-01,2012-01-31,2012-01,2012,1,0.005,0.0,0.0
2012-02-01,2012-02-29,2012-02,2012,2,0.005,0.0,0.0
2012-03-01,2012-03-31,2012-03,2012,3,0.005,0.0,0.0
2012-04-01,2012-04-30,2012-04,2012,4,0.005,0.0,0.0
2012-05-01,2012-05-31,2012-05,2012,5,0.005,0.0,0.0
2012-06-01,2012-06-30,2012-06,2012,6,0.005,0.0,0.0
2012-07-01,2012-07-31,2012-07,2012,7,0.005,0.0,0.0
2012-08-01,2012-08-31,2012-08,2012,8,0.005,0.0,0.0
2012-09-01,2012-09-30,2012-09,2012,9,0.005,0.0,0.0
2012-10-01,2012-10-31,2012-10,2012,10,0.005,0.0,0.0
2012-11-01,2012-11-30,2012-11,2012,11,0.005,0.0,0.0
2012-12-01,2012-12-31,2012-12,2012,12,0.005,0.0,0.0
2013-01-01,2013-01-31,2013-01,2013,1,0.005,0.0,0.0
2013-02-01,2013-02-28,2013-02,2013,2,0.005,0.0,0.0
2013-03-01,2013-03-31,2013-03,2013,3,0.005,0.0,0.0
2013-04-01,2013-04-30,2013-04,2013,4,0.005,0.0,0.0
2013-05-01,2013-05-31,2013-05,2013,5,0.005,0.0,0.0
2013-06-01,2013-06-30,2013-06,2013,6,0.005,0.0,0.0
2013-07-01,2013-07-31,2013-07,2013,7,0.005,0.0,0.0
2013-08-01,2013-08-31,2013-08,2013,8,0.005,0.0,0.0
2013-09-01,2013-09-30,2013-09,2013,9,0.005,0.0,0.0
2013-10-01,2013-10-31,2013-10,2013,10,0.005,0.0,0.0
2013-11-01,2013-11-30,2013-11,2013,11,0.005,0.0,0.0
2013-12-01,2013-12-31,2013-12,2013,12,0.005,0.0,0.0
2014-01-01,2014-01-31,2014-01,2014,1,0.005,0.0,0.0
2014-02-01,2014-02-28,2014-02,2014,2,0.005,0.0,0.0
2014-03-01,2014-03-31,2014-03,2014,3,0.005,0.0,0.0
2014-04-01,2014-04-30,2014-04,2014,4,0.005,0.0,0.0
2014-05-01,2014-05-31,2014-05,2014,5,0.005,0.0,0.0
2014-06-01,2014-06-30,2014-06,2014,6,0.005,0.0,0.0
2014-07-01,2014-07-31,2014-07,2014,7,0.005,0.0,0.0
2014-08-01,2014-08-31,2014-08,2014,8,0.005,0.0,0.0
2014-09-01,2014-09-30,2014-09,2014,9,0.005,0.0,0.0
2014-10-01,2014-10-31,2014-10,2014,10,0.005,0.0,0.0
2014-11-01,2014-11-30,2014-11,2014,11,0.005,0.0,0.0
2014-12-01,2014-12-31,2014-12,2014,12,0.005,0.0,0.0
2015-01-01,2015-01-31,2015-01,2015,1,0.005,0.0,0.0
2015-02-01,2015-02-28,2015-02,2015,2,0.005,0.0,0.0
2015-03-01,2015-03-31,2015-03,2015,3,0.005,0.0,0.0
2015-04-01,2015-04-30,2015-04,2015,4,0.005,0.0,0.0
2015-05-01,2015-05-31,2015-05,2015,5,0.005,0.0,0.0
2015-06-01,2015-06-30,2015-06,2015,6,0.005,0.0,0.0
2015-07-01,2015-07-31,2015-07,2015,7,0.005,0.0,0.0
2015-08-01,2015-08-31,2015-08,2015,8,0.005,0.0,0.0
2015-09-01,2015-09-30,2015-09,2015,9,0.005,0.0,0.0
2015-10-01,2015-10-31,2015-10,2015,10,0.005,0.0,0.0
2015-11-01,2015-11-30,2015-11,2015,11,0.005,0.0,0.0
2015-12-01,2015-12-31,2015-12,2015,12,0.005,0.0,0.0
2016-01-01,2016-01-31,2016-01,2016,1,0.005,0.0,0.0
2016-02-01,2016-02-29,2016-02,2016,2,0.005,0.0,0.0
2016-03-01,2016-03-31,2016-03,2016,3,0.005,0.0,0.0
2016-04-01,2016-04-30,2016-04,2016,4,0.005,0.0,0.0
2016-05-01,2016-05-31,2016-05,2016,5,0.005,0.0,0.0
2016-06-01,2016-06-30,2016-06,2016,6,0.005,0.0,0.0
2016-07-01,2016-07-31,2016-07,2016,7,0.005,0.0,0.0
2016-08-01,2016-08-31,2016-08,2016,8,0.002841,-0.002159,-0.002159
2016-09-01,2016-09-30,2016-09,2016,9,0.0025,-0.00034100000000000016,-0.0025
2016-10-01,2016-10-31,2016-10,2016,10,0.0025,0.0,-0.0025
2016-11-01,2016-11-30,2016-11,2016,11,0.0025,0.0,-0.0025
2016-12-01,2016-12-31,2016-12,2016,12,0.0025,0.0,-0.0025
2017-01-01,2017-01-31,2017-01,2017,1,0.0025,0.0,-0.0025
2017-02-01,2017-02-28,2017-02,2017,2,0.0025,0.0,-0.0025
2017-03-01,2017-03-31,2017-03,2017,3,0.0025,0.0,-0.0025
2017-04-01,2017-04-30,2017-04,2017,4,0.0025,0.0,-0.0025
2017-05-01,2017-05-31,2017-05,2017,5,0.0025,0.0,-0.0025
2017-06-01,2017-06-30,2017-06,2017,6,0.0025,0.0,-0.0025
2017-07-01,2017-07-31,2017-07,2017,7,0.0025,0.0,-0.0025
2017-08-01,2017-08-31,2017-08,2017,8,0.0025,0.0,-0.00034100000000000016
2017-09-01,2017-09-30,2017-09,2017,9,0.0025,0.0,0.0
2017-10-01,2017-10-31,2017-10,2017,10,0.0025,0.0,0.0
2017-11-01,2017-11-30,2017-11,2017,11,0.004886,0.0023859999999999997,0.0023859999999999997
2017-12-01,2017-12-31,2017-12,2017,12,0.005,0.00011400000000000039,0.0025
2018-01-01,2018-01-31,2018-01,2018,1,0.005,0.0,0.0025
2018-02-01,2018-02-28,2018-02,2018,2,0.005,0.0,0.0025
2018-03-01,2018-03-31,2018-03,2018,3,0.005,0.0,0.0025
2018-04-01,2018-04-30,2018-04,2018,4,0.005,0.0,0.0025
2018-05-01,2018-05-31,2018-05,2018,5,0.005,0.0,0.0025
2018-06-01,2018-06-30,2018-06,2018,6,0.005,0.0,0.0025
2018-07-01,2018-07-31,2018-07,2018,7,0.005,0.0,0.0025
2018-08-01,2018-08-31,2018-08,2018,8,0.007386,0.002386,0.004886
2018-09-01,2018-09-30,2018-09,2018,9,0.0075,0.00011399999999999952,0.004999999999999999
2018-10-01,2018-10-31,2018-10,2018,10,0.0075,0.0,0.004999999999999999
2018-11-01,2018-11-30,2018-11,2018,11,0.0075,0.0,0.002614
2018-12-01,2018-12-31,2018-12,2018,12,0.0075,0.0,0.0024999999999999996
2019-01-01,2019-01-31,2019-01,2019,1,0.0075,0.0,0.0024999999999999996
2019-02-01,2019-02-28,2019-02,2019,2,0.0075,0.0,0.0024999999999999996
2019-03-01,2019-03-31,2019-03,2019,3,0.0075,0.0,0.0024999999999999996
2019-04-01,2019-04-30,2019-04,2019,4,0.0075,0.0,0.0024999999999999996
2019-05-01,2019-05-31,2019-05,2019,5,0.0075,0.0,0.0024999999999999996
2019-06-01,2019-06-30,2019-06,2019,6,0.0075,0.0,0.0024999999999999996
2019-07-01,2019-07-31,2019-07,2019,7,0.0075,0.0,0.0024999999999999996
2019-08-01,2019-08-31,2019-08,2019,8,0.0075,0.0,0.00011399999999999952
2019-09-01,2019-09-30,2019-09,2019,9,0.0075,0.0,0.0
2019-10-01,2019-10-31,2019-10,2019,10,0.0075,0.0,0.0
2019-11-01,2019-11-30,2019-11,2019,11,0.0075,0.0,0.0
2019-12-01,2019-12-31,2019-12,2019,12,0.0075,0.0,0.0
2020-01-01,2020-01-31,2020-01,2020,1,0.0075,0.0,0.0
2020-02-01,2020-02-29,2020-02,2020,2,0.0075,0.0,0.0
2020-03-01,2020-03-31,2020-03,2020,3,0.003477,-0.004023,-0.004023
2020-04-01,2020-04-30,2020-04,2020,4,0.001,-0.002477,-0.0065
2020-05-01,2020-05-31,2020-05,2020,5,0.001,0.0,-0.0065
2020-06-01,2020-06-30,2020-06,2020,6,0.001,0.0,-0.0065
2020-07-01,2020-07-31,2020-07,2020,7,0.001,0.0,-0.0065
2020-08-01,2020-08-31,2020-08,2020,8,0.001,0.0,-0.0065
2020-09-01,2020-09-30,2020-09,2020,9,0.001,0.0,-0.0065
2020-10-01,2020-10-31,2020-10,2020,10,0.001,0.0,-0.0065
2020-11-01,2020-11-30,2020-11,2020,11,0.001,0.0,-0.0065
2020-12-01,2020-12-31,2020-12,2020,12,0.001,0.0,-0.0065
2021-01-01,2021-01-31,2021-01,2021,1,0.001,0.0,-0.0065
2021-02-01,2021-02-28,2021-02,2021,2,0.001,0.0,-0.0065
2021-03-01,2021-03-31,2021-03,2021,3,0.001,0.0,-0.002477
2021-04-01,2021-04-30,2021-04,2021,4,0.001,0.0,0.0
2021-05-01,2021-05-31,2021-05,2021,5,0.001,0.0,0.0
2021-06-01,2021-06-30,2021-06,2021,6,0.001,0.0,0.0
2021-07-01,2021-07-31,2021-07,2021,7,0.001,0.0,0.0
2021-08-01,2021-08-31,2021-08,2021,8,0.001,0.0,0.0
2021-09-01,2021-09-30,2021-09,2021,9,0.001,0.0,0.0
2021-10-01,2021-10-31,2021-10,2021,10,0.001,0.0,0.0
2021-11-01,2021-11-30,2021-11,2021,11,0.001,0.0,0.0
2021-12-01,2021-12-31,2021-12,2021,12,0.001714,0.000714,0.000714
2022-01-01,2022-01-31,2022-01,2022,1,0.0025,0.000786,0.0015
2022-02-01,2022-02-28,2022-02,2022,2,0.00475,0.00225,0.00375
2022-03-01,2022-03-31,2022-03,2022,3,0.006196,0.0014460000000000002,0.005196
2022-04-01,2022-04-30,2022-04,2022,4,0.0075,0.0013039999999999996,0.0065
2022-05-01,2022-05-31,2022-05,2022,5,0.009762,0.002262,0.008761999999999999
2022-06-01,2022-06-30,2022-06,2022,6,0.011375,0.0016129999999999999,0.010374999999999999
2022-07-01,2022-07-31,2022-07,2022,7,0.0125,0.001125000000000001,0.0115
2022-08-01,2022-08-31,2022-08,2022,8,0.016818,0.004317999999999999,0.015818
2022-09-01,2022-09-30,2022-09,2022,9,0.019167,0.0023490000000000004,0.018167
2022-10-01,2022-10-31,2022-10,2022,10,0.0225,0.003332999999999999,0.0215
2022-11-01,2022-11-30,2022-11,2022,11,0.029318,0.006818000000000001,0.028318
2022-12-01,2022-12-31,2022-12,2022,12,0.0325,0.003182000000000001,0.030786
2023-01-01,2023-01-31,2023-01,2023,1,0.035,0.0025000000000000022,0.0325
2023-02-01,2023-02-28,2023-02,2023,2,0.03975,0.004749999999999997,0.035
2023-03-01,2023-03-31,2023-03,2023,3,0.040761000000000006,0.001011000000000005,0.034565000000000005
2023-04-01,2023-04-30,2023-04,2023,4,0.0425,0.0017389999999999975,0.035
2023-05-01,2023-05-31,2023-05,2023,5,0.04425,0.0017499999999999946,0.034488
2023-06-01,2023-06-30,2023-06,2023,6,0.046590999999999994,0.002340999999999996,0.035216
2023-07-01,2023-07-31,2023-07,2023,7,0.05,0.0034090000000000092,0.037500000000000006
2023-08-01,2023-08-31,2023-08,2023,8,0.05227299999999999,0.0022729999999999903,0.03545499999999999
2023-09-01,2023-09-30,2023-09,2023,9,0.0525,0.00022700000000000498,0.033333
2023-10-01,2023-10-31,2023-10,2023,10,0.0525,0.0,0.03
2023-11-01,2023-11-30,2023-11,2023,11,0.0525,0.0,0.023181999999999998
2023-12-01,2023-12-31,2023-12,2023,12,0.0525,0.0,0.019999999999999997
2024-01-01,2024-01-31,2024-01,2024,1,0.0525,0.0,0.017499999999999995
2024-02-01,2024-02-29,2024-02,2024,2,0.0525,0.0,0.012749999999999997
2024-03-01,2024-03-31,2024-03,2024,3,0.0525,0.0,0.011738999999999992
2024-04-01,2024-04-30,2024-04,2024,4,0.0525,0.0,0.009999999999999995
2024-05-01,2024-05-31,2024-05,2024,5,0.0525,0.0,0.00825
2024-06-01,2024-06-30,2024-06,2024,6,0.0525,0.0,0.0059090000000000045
2024-07-01,2024-07-31,2024-07,2024,7,0.0525,0.0,0.0024999999999999953
2024-08-01,2024-08-31,2024-08,2024,8,0.05,-0.0024999999999999953,-0.0022729999999999903
2024-09-01,2024-09-30,2024-09,2024,9,0.05,0.0,-0.0024999999999999953
2024-10-01,2024-10-31,2024-10,2024,10,0.05,0.0,-0.0024999999999999953
2024-11-01,2024-11-30,2024-11,2024,11,0.047976,-0.002024000000000005,-0.004524
2024-12-01,2024-12-31,2024-12,2024,12,0.0475,-0.00047599999999999726,-0.0049999999999999975
2025-01-01,2025-01-31,2025-01,2025,1,0.0475,0.0,-0.0049999999999999975
2025-02-01,2025-02-28,2025-02,2025,2,0.045375,-0.002125000000000002,-0.007124999999999999
2025-03-01,2025-03-31,2025-03,2025,3,0.045,-0.00037500000000000033,-0.0075
2025-04-01,2025-04-30,2025-04,2025,4,0.045,0.0,-0.0075
2025-05-01,2025-05-31,2025-05,2025,5,0.043,-0.0020000000000000018,-0.009500000000000001
2025-06-01,2025-06-30,2025-06,2025,6,0.0425,-0.0004999999999999935,-0.009999999999999995
2025-07-01,2025-07-31,2025-07,2025,7,0.0425,0.0,-0.009999999999999995
2025-08-01,2025-08-31,2025-08,2025,8,0.0405,-0.0020000000000000018,-0.009500000000000001
2025-09-01,2025-09-30,2025-09,2025,9,0.04,-0.0005000000000000004,-0.010000000000000002
2025-10-01,2025-10-31,2025-10,2025,10,0.04,0.0,-0.010000000000000002
2025-11-01,2025-11-30,2025-11,2025,11,0.04,0.0,-0.007975999999999997
2025-12-01,2025-12-31,2025-12,2025,12,0.039048,-0.0009520000000000015,-0.008452000000000001
2026-01-01,2026-01-31,2026-01,2026,1,0.0375,-0.0015480000000000008,-0.010000000000000002
2026-02-01,2026-02-28,2026-02,2026,2,0.0375,0.0,-0.007875
2026-03-01,2026-03-31,2026-03,2026,3,0.0375,0.0,-0.0075
2026-04-01,2026-04-30,2026-04,2026,4,0.0375,0.0,-0.0075
